<?xml version="1.0" encoding="UTF-8"?>
<project-private xmlns="http://www.netbeans.org/ns/project-private/1">
    <editor-bookmarks xmlns="http://www.netbeans.org/ns/editor-bookmarks/2" lastBookmarkId="0"/>
    <open-files xmlns="http://www.netbeans.org/ns/projectui-open-files/2">
        <group>
            <file>file:/C:/Users/Dell/Documents/NetBeansProjects/MAIN_PROJ/src/customer.java</file>
            <file>file:/C:/Users/Dell/Documents/NetBeansProjects/MAIN_PROJ/src/add_new_equip.java</file>
            <file>file:/C:/Users/Dell/Documents/NetBeansProjects/MAIN_PROJ/src/return_equipment.java</file>
            <file>file:/C:/Users/Dell/Documents/NetBeansProjects/MAIN_PROJ/src/rent.java</file>
            <file>file:/C:/Users/Dell/Documents/NetBeansProjects/MAIN_PROJ/src/DataHandler.java</file>
            <file>file:/C:/Users/Dell/Documents/NetBeansProjects/MAIN_PROJ/src/edit_equip.java</file>
            <file>file:/C:/Users/Dell/Documents/NetBeansProjects/MAIN_PROJ/src/equipment.java</file>
        </group>
    </open-files>
</project-private>
