<?xml version="1.0" encoding="UTF-8"?>
<project-private xmlns="http://www.netbeans.org/ns/project-private/1">
    <editor-bookmarks xmlns="http://www.netbeans.org/ns/editor-bookmarks/2" lastBookmarkId="0"/>
    <open-files xmlns="http://www.netbeans.org/ns/projectui-open-files/2">
        <group>
            <file>file:/C:/Users/EricB/Downloads/CinemaManagementSystem/CinemaManagementSystem-c4de6999353957baf7fd3d06a3d746f6b3ae2598/MAIN_PROJ/src/rent.java</file>
            <file>file:/C:/Users/EricB/Downloads/CinemaManagementSystem/CinemaManagementSystem-c4de6999353957baf7fd3d06a3d746f6b3ae2598/MAIN_PROJ/src/DataHandler.java</file>
            <file>file:/C:/Users/EricB/Downloads/CinemaManagementSystem/CinemaManagementSystem-c4de6999353957baf7fd3d06a3d746f6b3ae2598/MAIN_PROJ/src/customer.java</file>
        </group>
    </open-files>
</project-private>
